
CREATE TABLE USUARIOS (
                cedula_usuario VARCHAR(10) NOT NULL,
                contrasenia VARCHAR(25) NOT NULL,
                rol VARCHAR(6) NOT NULL,
                PRIMARY KEY (cedula_usuario)
);


CREATE TABLE CLIENTES (
                cedula_cliente VARCHAR(10) NOT NULL,
                nombre_cliente VARCHAR(30) NOT NULL,
                apellido_cliente VARCHAR(30) NOT NULL,
                direccion_cliente VARCHAR(100) NOT NULL,
                PRIMARY KEY (cedula_cliente)
);


CREATE TABLE VENTAS (
                codigo_venta VARCHAR(36) NOT NULL,
                cedula_cliente VARCHAR(10) NOT NULL,
                cedula_usuario VARCHAR(10) NOT NULL,
                fecha DATETIME NOT NULL,
                PRIMARY KEY (codigo_venta)
);


CREATE TABLE FACTURAS (
                codigo_venta VARCHAR(36) NOT NULL,
                subtotal DECIMAL(7,2) NOT NULL,
                descuento DECIMAL(7,2) NOT NULL,
                iva DECIMAL(7,2) NOT NULL,
                total DECIMAL(7,2) NOT NULL,
                PRIMARY KEY (codigo_venta)
);


CREATE TABLE CELULARES (
                id_celular VARCHAR(36) NOT NULL,
                nombre_celular VARCHAR(150) NOT NULL,
                marca_celular VARCHAR(50),
                stock_celular INT NOT NULL,
                precio_celular DECIMAL(7,2) NOT NULL,
                PRIMARY KEY (id_celular)
);


CREATE TABLE DETALLE_VENTA (
                codigo_venta VARCHAR(36) NOT NULL,
                id_celular VARCHAR(36) NOT NULL,
                cantidad INT NOT NULL
);


ALTER TABLE VENTAS ADD CONSTRAINT usuarios_ventas_fk
FOREIGN KEY (cedula_usuario)
REFERENCES USUARIOS (cedula_usuario)
ON DELETE NO ACTION
ON UPDATE NO ACTION;

ALTER TABLE VENTAS ADD CONSTRAINT cliente_ventas_fk
FOREIGN KEY (cedula_cliente)
REFERENCES CLIENTES (cedula_cliente)
ON DELETE NO ACTION
ON UPDATE NO ACTION;

ALTER TABLE FACTURAS ADD CONSTRAINT ventas_factura_fk
FOREIGN KEY (codigo_venta)
REFERENCES VENTAS (codigo_venta)
ON DELETE NO ACTION
ON UPDATE NO ACTION;

ALTER TABLE DETALLE_VENTA ADD CONSTRAINT ventas_detalle_venta_fk
FOREIGN KEY (codigo_venta)
REFERENCES VENTAS (codigo_venta)
ON DELETE NO ACTION
ON UPDATE NO ACTION;

ALTER TABLE DETALLE_VENTA ADD CONSTRAINT celulares_detalle_venta_fk
FOREIGN KEY (id_celular)
REFERENCES CELULARES (id_celular)
ON DELETE NO ACTION
ON UPDATE NO ACTION;

-- CELULARES APPLE
INSERT INTO CELULARES VALUES("9eee0e45-cdff-4d2d-baae-b64592af0c81","iPhone 6S 32GB","APPLE",12,227);
INSERT INTO CELULARES VALUES("7b79a50f-bbb5-4d56-a7dd-ac7f4eb59d26","iPhone 6S 64GB","APPLE",5,277);
INSERT INTO CELULARES VALUES("b99cc16d-a2ce-4bc4-a9c5-d727479ba5b9","iPhone 6S 128GB","APPLE",8,297);
INSERT INTO CELULARES VALUES("c3a32237-d969-4dbc-a875-0ae6ae544e35","iPhone 7 32GB","APPLE",4,317);
INSERT INTO CELULARES VALUES("380f7194-029f-4e79-bad3-788cf25491be","iPhone 7 128GB","APPLE",2,367);
INSERT INTO CELULARES VALUES("dfefa9cd-79e2-4cf0-a9bf-3edfabab87b5","iPhone 7 Plus 32GB","APPLE",5,447);
INSERT INTO CELULARES VALUES("8a811cda-c695-4d48-b293-6cd68e306e50","iPhone 7 Plus 128GB","APPLE",8,497);
INSERT INTO CELULARES VALUES("34737c5d-de37-448f-b120-c5c1b613d83c","iPhone 7 Plus 256GB","APPLE",3,527);
INSERT INTO CELULARES VALUES("5fabef97-5624-46c9-ac1b-4921660fda68","iPhone 8 64GB","APPLE",5,447);
INSERT INTO CELULARES VALUES("6514f137-ab23-4e15-8ca9-0c0ee7c6d880","iPhone 8 256GB","APPLE",4,497);
INSERT INTO CELULARES VALUES("2c985fd8-64db-42ee-8e9c-4adcb002e3ef","iPhone 8 Plus 64GB","APPLE",10,577);
INSERT INTO CELULARES VALUES("5b2a3d39-fc57-4a67-bf15-a8f9d10aa335","iPhone 8 Plus 128GB","APPLE",5,617);
INSERT INTO CELULARES VALUES("7fe0f0de-10b7-4d80-8163-07a61b0512fa","iPhone 8 Plus 256GB","APPLE",7,647);

-- CELULARES SAMSUNG
INSERT INTO CELULARES VALUES("30b15f34-f40a-41b3-862c-4c0050e1784c","A01 16GB","SAMSUNG",15,139);
INSERT INTO CELULARES VALUES("8b1dce9b-637f-431a-b746-dc3083b0edfb","A10s 32GB","SAMSUNG",4,159);
INSERT INTO CELULARES VALUES("cae0fa0c-c2af-45fd-8788-1ef81b4a5bc0","A11 32GB","SAMSUNG",7,175);
INSERT INTO CELULARES VALUES("0b3c378d-d6d0-4dbf-bd10-b3eccf2976e2","A20s 32GB","SAMSUNG",5,185);
INSERT INTO CELULARES VALUES("f0d481fc-43a1-4ab6-8a53-fd2d8ec0cda9","A21s 32GB","SAMSUNG",2,210);
INSERT INTO CELULARES VALUES("38f2e34b-a727-4c9d-b4f5-6c6c28ea5cdb","A30s 64GB","SAMSUNG",8,240);
INSERT INTO CELULARES VALUES("b07a4af2-edff-4009-9685-80e3bf230cef","A31 64GB","SAMSUNG",12,280);
INSERT INTO CELULARES VALUES("165d9a74-b990-4bd5-881c-d4021309a9ce","A51 128GB","SAMSUNG",13,330);
INSERT INTO CELULARES VALUES("bf60132e-15c8-4f89-a6e0-1ab7bf1dce87","A71 128GB","SAMSUNG",4,435);
INSERT INTO CELULARES VALUES("6e1998fa-3d84-4738-ac94-134c8ecfbed2","S20 plus","SAMSUNG",2,1010);
INSERT INTO CELULARES VALUES("9ec97fce-7041-4293-a054-612424ed2705","NOTE 10 LITE","SAMSUNG",2,639.49);
INSERT INTO CELULARES VALUES("40839f41-624c-42f8-bfa0-f4f51509a115","START DUOS","SAMSUNG",7,60);

-- USUARIOS
INSERT INTO USUARIOS VALUES("0923159099","12345","ADMIN");
INSERT INTO USUARIOS VALUES("1725670390","12345","CAJERO");
INSERT INTO USUARIOS VALUES("0909766677","12345","CAJERO");
INSERT INTO USUARIOS VALUES("1711111111","12345","CAJERO");

-- CLIENTES LEONEL
INSERT INTO CLIENTES VALUES("1745621895","LUIS","COLOMA","LA CONCEPCIÓN");
INSERT INTO CLIENTES VALUES("1745963128","PEDRO","GONZÁLEZ","CENTRO HISTÓRICO");
INSERT INTO CLIENTES VALUES("1778452169","PABLO","LAVERDE","LA TOLA");
INSERT INTO CLIENTES VALUES("1747851239","DANIEL","RODRÍGUEZ","EL DORADO");
INSERT INTO CLIENTES VALUES("1725647891","SERGIO","FERNÁNDEZ","SAN ROQUE");
INSERT INTO CLIENTES VALUES("1747851236","MARCOS","LÓPEZ","LA RONDA");
INSERT INTO CLIENTES VALUES("1747851237","MANUEL","DÍAZ","LA GUARAGUA");
INSERT INTO CLIENTES VALUES("1714578952","MARIO","MARTÍNEZ","LA CONCEPCION");
INSERT INTO CLIENTES VALUES("1714523789","JORGE","PÉREZ","SAN MARCOS");
INSERT INTO CLIENTES VALUES("1712478516","NICOLÁS","SÁNCHEZ","LA CONCEPCION");
INSERT INTO CLIENTES VALUES("1714521451","IVÁN","GARCÍA","EL TEJAR");
INSERT INTO CLIENTES VALUES("1748965718","CARLOS","ROMERO","TOCTIUCO");
INSERT INTO CLIENTES VALUES("1732564897","JAVIER","SOSA","LA CONCEPCIÓN");
INSERT INTO CLIENTES VALUES("1725478194","LUCAS","TORRES","MIRAFLORES");
INSERT INTO CLIENTES VALUES("1778456321","MIGUEL","ÁLVAREZ","SAN JUAN");
INSERT INTO CLIENTES VALUES("1748965217","LEONEL","RUIZ","SAN DIEGO");
INSERT INTO CLIENTES VALUES("1723478693","DIEGO","RAMÍREZ","LA CONCEPCION");
INSERT INTO CLIENTES VALUES("1714786495","AXEL","FLORES","EL PANECILLO");
INSERT INTO CLIENTES VALUES("1723481567","PAMELA","BENÍTEZ","MONJAS");
INSERT INTO CLIENTES VALUES("1791378465","JESSICA","ACOSTA","LA FLORESTA");
INSERT INTO CLIENTES VALUES("1723479561","LUISA","MEDINA","LA CONCEPCION");
INSERT INTO CLIENTES VALUES("1726978651","WENDY","ÁVALOS","LA MARISCAL");
INSERT INTO CLIENTES VALUES("1776539846","ALISSON","PINTADO","LAS CASAS");
INSERT INTO CLIENTES VALUES("1786452319","ERICKA","HERRERA","EL BATÁN");
INSERT INTO CLIENTES VALUES("1789457826","JENIFFER","SUÁREZ","LAS CASAS");
INSERT INTO CLIENTES VALUES("1712584796","CAROLINA","AGUIRRE","BELLAVISTA");
INSERT INTO CLIENTES VALUES("1747856412","KARLA","ROJAS","IÑAQUITO");
INSERT INTO CLIENTES VALUES("1747851269","KARINA","MOLINA","QUITO TENNIS");
INSERT INTO CLIENTES VALUES("1747815623","GABRIELA","CASTRO","LA FLORIDA");
INSERT INTO CLIENTES VALUES("1745123896","JESSICA","ORTIZ","ATUCUCHO");
INSERT INTO CLIENTES VALUES("1756123589","SOFÍA","SILVA","SAN CARLOS");
INSERT INTO CLIENTES VALUES("1778542369","LUCÍA","DOMÍNGUEZ","COTOCOLLAO");
INSERT INTO CLIENTES VALUES("1752136895","MARÍA","CARRIZO","MENA DE HIERRO");
INSERT INTO CLIENTES VALUES("1712489563","PAULA","PERALTA","LA BOTA");
INSERT INTO CLIENTES VALUES("1778932658","DANIELA","CASTILLO","PONCEANO");
INSERT INTO CLIENTES VALUES("1714523688","PAULINA","LEDESMA","EL CONDADO");
INSERT INTO CLIENTES VALUES("1715789456","VALERIA","QUIROGA","KENNEDY");
INSERT INTO CLIENTES VALUES("1778945782","CLAUDIA","VEGA","RUMIÑAHUI");
INSERT INTO CLIENTES VALUES("1767894523","ROMINA","MUÑOZ","EL INCA");
INSERT INTO CLIENTES VALUES("1778945826","SARA","MORALES","CARCELÉN");
INSERT INTO CLIENTES VALUES("1725789562","LAURA","MORENO","SAN BARTOLO");
INSERT INTO CLIENTES VALUES("1778512369","CAROLINA","PERALTA","LA CONCEPCIÓN");
INSERT INTO CLIENTES VALUES("1714528964","PATRICIA","CASTILLO","LA MAGDALENA");
INSERT INTO CLIENTES VALUES("1736489567","IRENE","OJEDA","LA MENA 2");
INSERT INTO CLIENTES VALUES("1725617894","ROMINA","PONCE","VILLAFLORA");
INSERT INTO CLIENTES VALUES("1789632598","EMMA","VILLALBA","QUITUMBE");
INSERT INTO CLIENTES VALUES("1778569432","JESÚS","RIVERO","CHILIBULO");
INSERT INTO CLIENTES VALUES("4789156235","ROXANA","MIRANDA","EL CALZADO");
INSERT INTO CLIENTES VALUES("1714785212","STEVEN","FARIAS","CHIMBACALLE");
INSERT INTO CLIENTES VALUES("1714578953","WILSON","PAZ","LA CONCEPCIÓN");

-- VENTAS LEONEL
INSERT INTO VENTAS VALUES("af0c02bd-4b9b-4a0a-97f7-cf241df5b1a8","1745621895","0909766677","2020-01-01 03:14:07");
INSERT INTO VENTAS VALUES("8b6d0a58-e2ec-465a-9149-41039cd5231a","1745963128","0909766677","2020-01-05 03:14:07");
INSERT INTO VENTAS VALUES("14238ad2-4943-4879-8f5a-6ab8a901f677","1747851239","0909766677","2020-01-12 03:14:07");
INSERT INTO VENTAS VALUES("7ce55154-24d4-4fa5-b769-32e60bb26eab","1778452169","0909766677","2020-01-10 03:14:07");
INSERT INTO VENTAS VALUES("f51d2596-ce50-4134-b2d9-6f10e72595b0","1725647891","0909766677","2020-01-17 03:14:07");
INSERT INTO VENTAS VALUES("0bbfaf8c-2a5c-4c4e-82ad-acfe443e3fe1","1747851236","0909766677","2020-01-19 03:14:07");
INSERT INTO VENTAS VALUES("a7b4cab4-1466-4b34-aa9a-c0956add0c83","1747851237","0909766677","2020-02-03 03:14:07");
INSERT INTO VENTAS VALUES("88c1794d-5d7d-41fc-bc15-5618b6a67d12","1714578952","0909766677","2020-02-08 03:14:07");
INSERT INTO VENTAS VALUES("db30a25c-904f-45dd-9fcd-ef318bdf3817","1714523789","0909766677","2020-02-10 03:14:07");
INSERT INTO VENTAS VALUES("4bc29bac-18fb-4ebf-a9c6-bc52b49fb30e","1712478516","0909766677","2020-02-11 03:14:07");
INSERT INTO VENTAS VALUES("04593116-639c-4738-be22-90a3e01d710a","1714521451","0909766677","2020-02-12 03:14:07");
INSERT INTO VENTAS VALUES("5c0cc081-f8c5-4c7d-a486-2408da1cd453","1748965718","0909766677","2020-02-20 03:14:07");
INSERT INTO VENTAS VALUES("a24e0473-4ca1-4d14-8b8b-4a988ff5de97","1732564897","0909766677","2020-03-05 03:14:07");
INSERT INTO VENTAS VALUES("c4a4afef-7438-4f56-a2a9-84b447f707eb","1725478194","0909766677","2020-03-07 03:14:07");
INSERT INTO VENTAS VALUES("e03227a2-b5af-4f91-ad57-cefbf2726a25","1778456321","0909766677","2020-03-12 03:14:07");
INSERT INTO VENTAS VALUES("27cee57d-872a-46a3-a2d5-5cd5701514c5","1748965217","0909766677","2020-03-19 03:14:07");
INSERT INTO VENTAS VALUES("cde1fab9-e3fa-4f33-810d-eaa2c5091425","1723478693","0909766677","2020-03-22 03:14:07");
INSERT INTO VENTAS VALUES("38238060-776b-48c2-90b3-e5c5b97d6615","1714786495","0909766677","2020-03-23 03:14:07");
INSERT INTO VENTAS VALUES("e5a64594-6ffd-4b35-b8cd-cf0f19c32f16","1723481567","0909766677","2020-03-24 03:14:07");
INSERT INTO VENTAS VALUES("0ff4e625-7a68-4666-b727-4ed7a6de8b95","1791378465","0909766677","2020-03-25 03:14:07");
INSERT INTO VENTAS VALUES("c3a05547-45f6-4f19-80d3-aeb93e34dada","1723479561","0909766677","2020-03-26 03:14:07");
INSERT INTO VENTAS VALUES("c86a2f3b-148d-46ee-ab00-3fbfd2cc114c","1726978651","0909766677","2020-04-03 03:14:07");
INSERT INTO VENTAS VALUES("b3e50513-0ab4-4d92-84c2-e6367e986009","1776539846","0909766677","2020-04-08 03:14:07");
INSERT INTO VENTAS VALUES("459422d0-3cec-4daa-8ac1-6c664c4fd83a","1786452319","0909766677","2020-04-09 03:14:07");
INSERT INTO VENTAS VALUES("0e00d651-009a-47b0-8497-a73feaf3ed70","1789457826","0909766677","2020-04-10 03:14:07");
INSERT INTO VENTAS VALUES("24d9b39e-b1d8-4c80-9dba-8c20be4c0caf","1712584796","0909766677","2020-04-11 03:14:07");
INSERT INTO VENTAS VALUES("9f78b9d7-7e83-4093-b42f-10602e610004","1747856412","0909766677","2020-04-12 03:14:07");
INSERT INTO VENTAS VALUES("59b35045-fcfe-44d5-977a-d2b6d57614e8","1747851269","0909766677","2020-04-13 03:14:07");
INSERT INTO VENTAS VALUES("9c80c181-9af5-4baa-9783-426fe2f25725","1747815623","0909766677","2020-04-14 03:14:07");
INSERT INTO VENTAS VALUES("693df574-dded-4582-bdfe-5c7876904812","1745123896","0909766677","2020-04-15 03:14:07");
INSERT INTO VENTAS VALUES("d4cd8566-7458-4644-88b3-2caed2f319a3","1756123589","0909766677","2020-05-07 03:14:07");
INSERT INTO VENTAS VALUES("3c1be8a7-c66e-4415-b0bd-8a55790ff0a3","1778542369","0909766677","2020-05-09 03:14:07");
INSERT INTO VENTAS VALUES("af63fb01-2571-46ff-a97f-8b1b968b6dd8","1752136895","0909766677","2020-05-10 03:14:07");
INSERT INTO VENTAS VALUES("e4b0f3aa-27c5-4d63-822f-c414178d5992","1712489563","0909766677","2020-05-11 03:14:07");
INSERT INTO VENTAS VALUES("e8429bd4-13d6-494b-87b3-0bfa2e240e2a","1778932658","0909766677","2020-05-12 03:14:07");
INSERT INTO VENTAS VALUES("c568a678-8dee-4066-ab8e-7ffac9379dc1","1714523688","0909766677","2020-05-13 03:14:07");
INSERT INTO VENTAS VALUES("4e9b96ff-d0d5-4a80-9fc7-b1046a4b7b21","1715789456","0909766677","2020-05-15 03:14:07");
INSERT INTO VENTAS VALUES("92e9c7da-44d3-4118-808e-119485f08ca1","1778945782","0909766677","2020-05-18 03:14:07");
INSERT INTO VENTAS VALUES("18e0b74a-64cb-4e87-b1a6-c3cbcda76c8d","1767894523","0909766677","2020-05-20 03:14:07");
INSERT INTO VENTAS VALUES("786073b4-724c-4ac6-a247-caa5fed52959","1778945826","0909766677","2020-05-22 03:14:07");
INSERT INTO VENTAS VALUES("f886cfe9-c975-4449-8651-f720860649e1","1725789562","0909766677","2020-05-25 03:14:07");
INSERT INTO VENTAS VALUES("9706088a-ef3e-4e03-ba96-29ce0d3facbe","1778512369","0909766677","2020-05-26 03:14:07");
INSERT INTO VENTAS VALUES("0bcbf8b9-8708-46fb-aa09-0374a7122428","1714528964","0909766677","2020-05-27 03:14:07");
INSERT INTO VENTAS VALUES("6fee2e15-8110-48e5-8dde-8d4c757c6ea9","1736489567","0909766677","2020-06-04 03:14:07");
INSERT INTO VENTAS VALUES("5791f35b-593b-4f0b-85c4-bfeebdef2ae5","1725617894","0909766677","2020-06-06 03:14:07");
INSERT INTO VENTAS VALUES("412f76d2-7c4e-4032-93ef-60e6ccfcaefd","1789632598","0909766677","2020-06-07 03:14:07");
INSERT INTO VENTAS VALUES("b82aa796-456f-463a-af89-d03c90df07c6","1778569432","0909766677","2020-06-09 03:14:07");
INSERT INTO VENTAS VALUES("39f276e9-8f30-4c29-a80e-a0616a61401c","4789156235","0909766677","2020-06-10 03:14:07");
INSERT INTO VENTAS VALUES("e1901433-8985-4f92-8c9b-0d31c8eeda31","1714785212","0909766677","2020-06-11 03:14:07");
INSERT INTO VENTAS VALUES("a4c2d0fe-773a-4ab8-b164-7c6cbe0fc1cf","1714578953","0909766677","2020-06-12 03:14:07");

-- DETALLE DE LAS VENTAS LEONEL
INSERT INTO DETALLE_VENTA VALUES("af0c02bd-4b9b-4a0a-97f7-cf241df5b1a8","40839f41-624c-42f8-bfa0-f4f51509a115",1);
INSERT INTO DETALLE_VENTA VALUES("8b6d0a58-e2ec-465a-9149-41039cd5231a","9eee0e45-cdff-4d2d-baae-b64592af0c81",1);
INSERT INTO DETALLE_VENTA VALUES("14238ad2-4943-4879-8f5a-6ab8a901f677","34737c5d-de37-448f-b120-c5c1b613d83c",1);
INSERT INTO DETALLE_VENTA VALUES("7ce55154-24d4-4fa5-b769-32e60bb26eab","380f7194-029f-4e79-bad3-788cf25491be",1);
INSERT INTO DETALLE_VENTA VALUES("f51d2596-ce50-4134-b2d9-6f10e72595b0","30b15f34-f40a-41b3-862c-4c0050e1784c",1);
INSERT INTO DETALLE_VENTA VALUES("0bbfaf8c-2a5c-4c4e-82ad-acfe443e3fe1","8b1dce9b-637f-431a-b746-dc3083b0edfb",1);
INSERT INTO DETALLE_VENTA VALUES("a7b4cab4-1466-4b34-aa9a-c0956add0c83","f0d481fc-43a1-4ab6-8a53-fd2d8ec0cda9",1);
INSERT INTO DETALLE_VENTA VALUES("88c1794d-5d7d-41fc-bc15-5618b6a67d12","38f2e34b-a727-4c9d-b4f5-6c6c28ea5cdb",1);
INSERT INTO DETALLE_VENTA VALUES("db30a25c-904f-45dd-9fcd-ef318bdf3817","c3a32237-d969-4dbc-a875-0ae6ae544e35",1);
INSERT INTO DETALLE_VENTA VALUES("4bc29bac-18fb-4ebf-a9c6-bc52b49fb30e","8b1dce9b-637f-431a-b746-dc3083b0edfb",1);
INSERT INTO DETALLE_VENTA VALUES("04593116-639c-4738-be22-90a3e01d710a","dfefa9cd-79e2-4cf0-a9bf-3edfabab87b5",1);
INSERT INTO DETALLE_VENTA VALUES("5c0cc081-f8c5-4c7d-a486-2408da1cd453","8a811cda-c695-4d48-b293-6cd68e306e50",1);
INSERT INTO DETALLE_VENTA VALUES("a24e0473-4ca1-4d14-8b8b-4a988ff5de97","38f2e34b-a727-4c9d-b4f5-6c6c28ea5cdb",1);
INSERT INTO DETALLE_VENTA VALUES("c4a4afef-7438-4f56-a2a9-84b447f707eb","30b15f34-f40a-41b3-862c-4c0050e1784c",1);
INSERT INTO DETALLE_VENTA VALUES("e03227a2-b5af-4f91-ad57-cefbf2726a25","9eee0e45-cdff-4d2d-baae-b64592af0c81",1);
INSERT INTO DETALLE_VENTA VALUES("27cee57d-872a-46a3-a2d5-5cd5701514c5","f0d481fc-43a1-4ab6-8a53-fd2d8ec0cda9",1);
INSERT INTO DETALLE_VENTA VALUES("cde1fab9-e3fa-4f33-810d-eaa2c5091425","0b3c378d-d6d0-4dbf-bd10-b3eccf2976e2",1);
INSERT INTO DETALLE_VENTA VALUES("38238060-776b-48c2-90b3-e5c5b97d6615","30b15f34-f40a-41b3-862c-4c0050e1784c",1);
INSERT INTO DETALLE_VENTA VALUES("e5a64594-6ffd-4b35-b8cd-cf0f19c32f16","dfefa9cd-79e2-4cf0-a9bf-3edfabab87b5",1);
INSERT INTO DETALLE_VENTA VALUES("0ff4e625-7a68-4666-b727-4ed7a6de8b95","0b3c378d-d6d0-4dbf-bd10-b3eccf2976e2",1);
INSERT INTO DETALLE_VENTA VALUES("c3a05547-45f6-4f19-80d3-aeb93e34dada","34737c5d-de37-448f-b120-c5c1b613d83c",1);
INSERT INTO DETALLE_VENTA VALUES("c86a2f3b-148d-46ee-ab00-3fbfd2cc114c","9eee0e45-cdff-4d2d-baae-b64592af0c81",1);
INSERT INTO DETALLE_VENTA VALUES("b3e50513-0ab4-4d92-84c2-e6367e986009","0b3c378d-d6d0-4dbf-bd10-b3eccf2976e2",1);
INSERT INTO DETALLE_VENTA VALUES("459422d0-3cec-4daa-8ac1-6c664c4fd83a","30b15f34-f40a-41b3-862c-4c0050e1784c",1);
INSERT INTO DETALLE_VENTA VALUES("0e00d651-009a-47b0-8497-a73feaf3ed70","9eee0e45-cdff-4d2d-baae-b64592af0c81",1);
INSERT INTO DETALLE_VENTA VALUES("24d9b39e-b1d8-4c80-9dba-8c20be4c0caf","c3a32237-d969-4dbc-a875-0ae6ae544e35",1);
INSERT INTO DETALLE_VENTA VALUES("9f78b9d7-7e83-4093-b42f-10602e610004","0b3c378d-d6d0-4dbf-bd10-b3eccf2976e2",1);
INSERT INTO DETALLE_VENTA VALUES("59b35045-fcfe-44d5-977a-d2b6d57614e8","2c985fd8-64db-42ee-8e9c-4adcb002e3ef",1);
INSERT INTO DETALLE_VENTA VALUES("9c80c181-9af5-4baa-9783-426fe2f25725","b99cc16d-a2ce-4bc4-a9c5-d727479ba5b9",1);
INSERT INTO DETALLE_VENTA VALUES("693df574-dded-4582-bdfe-5c7876904812","0b3c378d-d6d0-4dbf-bd10-b3eccf2976e2",1);
INSERT INTO DETALLE_VENTA VALUES("d4cd8566-7458-4644-88b3-2caed2f319a3","6514f137-ab23-4e15-8ca9-0c0ee7c6d880",1);
INSERT INTO DETALLE_VENTA VALUES("3c1be8a7-c66e-4415-b0bd-8a55790ff0a3","2c985fd8-64db-42ee-8e9c-4adcb002e3ef",1);
INSERT INTO DETALLE_VENTA VALUES("af63fb01-2571-46ff-a97f-8b1b968b6dd8","38f2e34b-a727-4c9d-b4f5-6c6c28ea5cdb",1);
INSERT INTO DETALLE_VENTA VALUES("e4b0f3aa-27c5-4d63-822f-c414178d5992","7b79a50f-bbb5-4d56-a7dd-ac7f4eb59d26",1);
INSERT INTO DETALLE_VENTA VALUES("e8429bd4-13d6-494b-87b3-0bfa2e240e2a","cae0fa0c-c2af-45fd-8788-1ef81b4a5bc0",1);
INSERT INTO DETALLE_VENTA VALUES("c568a678-8dee-4066-ab8e-7ffac9379dc1","9eee0e45-cdff-4d2d-baae-b64592af0c81",1);
INSERT INTO DETALLE_VENTA VALUES("4e9b96ff-d0d5-4a80-9fc7-b1046a4b7b21","b99cc16d-a2ce-4bc4-a9c5-d727479ba5b9",1);
INSERT INTO DETALLE_VENTA VALUES("92e9c7da-44d3-4118-808e-119485f08ca1","cae0fa0c-c2af-45fd-8788-1ef81b4a5bc0",1);
INSERT INTO DETALLE_VENTA VALUES("18e0b74a-64cb-4e87-b1a6-c3cbcda76c8d","8b1dce9b-637f-431a-b746-dc3083b0edfb",1);
INSERT INTO DETALLE_VENTA VALUES("786073b4-724c-4ac6-a247-caa5fed52959","c3a32237-d969-4dbc-a875-0ae6ae544e35",1);
INSERT INTO DETALLE_VENTA VALUES("f886cfe9-c975-4449-8651-f720860649e1","6514f137-ab23-4e15-8ca9-0c0ee7c6d880",1);
INSERT INTO DETALLE_VENTA VALUES("9706088a-ef3e-4e03-ba96-29ce0d3facbe","8b1dce9b-637f-431a-b746-dc3083b0edfb",1);
INSERT INTO DETALLE_VENTA VALUES("0bcbf8b9-8708-46fb-aa09-0374a7122428","5b2a3d39-fc57-4a67-bf15-a8f9d10aa335",1);
INSERT INTO DETALLE_VENTA VALUES("6fee2e15-8110-48e5-8dde-8d4c757c6ea9","34737c5d-de37-448f-b120-c5c1b613d83c",1);
INSERT INTO DETALLE_VENTA VALUES("5791f35b-593b-4f0b-85c4-bfeebdef2ae5","7b79a50f-bbb5-4d56-a7dd-ac7f4eb59d26",1);
INSERT INTO DETALLE_VENTA VALUES("412f76d2-7c4e-4032-93ef-60e6ccfcaefd","9eee0e45-cdff-4d2d-baae-b64592af0c81",1);
INSERT INTO DETALLE_VENTA VALUES("b82aa796-456f-463a-af89-d03c90df07c6","7fe0f0de-10b7-4d80-8163-07a61b0512fa",1);
INSERT INTO DETALLE_VENTA VALUES("39f276e9-8f30-4c29-a80e-a0616a61401c","5fabef97-5624-46c9-ac1b-4921660fda68",1);
INSERT INTO DETALLE_VENTA VALUES("e1901433-8985-4f92-8c9b-0d31c8eeda31","7b79a50f-bbb5-4d56-a7dd-ac7f4eb59d26",1);
INSERT INTO DETALLE_VENTA VALUES("a4c2d0fe-773a-4ab8-b164-7c6cbe0fc1cf","9eee0e45-cdff-4d2d-baae-b64592af0c81",1);

-- FACTURAS LEONEL
-- SELECT codigo_vesnta, celulares.precio_celular FROM detalle_venta, celulares WHERE detalle_venta.id_celular = celulares.id_celular
INSERT INTO FACTURAS VALUES("cde1fab9-e3fa-4f33-810d-eaa2c5091425",162.80,0,22.20,185);
INSERT INTO FACTURAS VALUES("0ff4e625-7a68-4666-b727-4ed7a6de8b95",162.80,0,22.20,185);
INSERT INTO FACTURAS VALUES("b3e50513-0ab4-4d92-84c2-e6367e986009",162.80,0,22.20,185);
INSERT INTO FACTURAS VALUES("9f78b9d7-7e83-4093-b42f-10602e610004",162.80,0,22.20,185);
INSERT INTO FACTURAS VALUES("693df574-dded-4582-bdfe-5c7876904812",162.80,0,22.20,185);
INSERT INTO FACTURAS VALUES("59b35045-fcfe-44d5-977a-d2b6d57614e8",507.76,0,69.24,577);
INSERT INTO FACTURAS VALUES("3c1be8a7-c66e-4415-b0bd-8a55790ff0a3",507.76,0,69.24,577);
INSERT INTO FACTURAS VALUES("f51d2596-ce50-4134-b2d9-6f10e72595b0",122.32,0,16.68,139);
INSERT INTO FACTURAS VALUES("c4a4afef-7438-4f56-a2a9-84b447f707eb",122.32,0,16.68,139);
INSERT INTO FACTURAS VALUES("38238060-776b-48c2-90b3-e5c5b97d6615",122.32,0,16.68,139);
INSERT INTO FACTURAS VALUES("459422d0-3cec-4daa-8ac1-6c664c4fd83a",122.32,0,16.68,139);
INSERT INTO FACTURAS VALUES("14238ad2-4943-4879-8f5a-6ab8a901f677",463.76,0,63.24,527);
INSERT INTO FACTURAS VALUES("c3a05547-45f6-4f19-80d3-aeb93e34dada",463.76,0,63.24,527);
INSERT INTO FACTURAS VALUES("6fee2e15-8110-48e5-8dde-8d4c757c6ea9",463.76,0,63.24,527);
INSERT INTO FACTURAS VALUES("7ce55154-24d4-4fa5-b769-32e60bb26eab",322.96,0,44.04,367);
INSERT INTO FACTURAS VALUES("88c1794d-5d7d-41fc-bc15-5618b6a67d12",211.20,0,28.80,240);
INSERT INTO FACTURAS VALUES("a24e0473-4ca1-4d14-8b8b-4a988ff5de97",211.20,0,28.80,240);
INSERT INTO FACTURAS VALUES("af63fb01-2571-46ff-a97f-8b1b968b6dd8",211.20,0,28.80,240);
INSERT INTO FACTURAS VALUES("af0c02bd-4b9b-4a0a-97f7-cf241df5b1a8",52.80,0,7.20,60);
INSERT INTO FACTURAS VALUES("0bcbf8b9-8708-46fb-aa09-0374a7122428",542.96,0,74.04,617);
INSERT INTO FACTURAS VALUES("39f276e9-8f30-4c29-a80e-a0616a61401c",393.36,0,53.64,447);
INSERT INTO FACTURAS VALUES("d4cd8566-7458-4644-88b3-2caed2f319a3",437.36,0,59.64,497);
INSERT INTO FACTURAS VALUES("f886cfe9-c975-4449-8651-f720860649e1",437.36,0,59.64,497);
INSERT INTO FACTURAS VALUES("e4b0f3aa-27c5-4d63-822f-c414178d5992",243.76,0,33.24,277);
INSERT INTO FACTURAS VALUES("5791f35b-593b-4f0b-85c4-bfeebdef2ae5",243.76,0,33.24,277);
INSERT INTO FACTURAS VALUES("e1901433-8985-4f92-8c9b-0d31c8eeda31",243.76,0,33.24,277);
INSERT INTO FACTURAS VALUES("b82aa796-456f-463a-af89-d03c90df07c6",569.36,0,77.64,647);
INSERT INTO FACTURAS VALUES("5c0cc081-f8c5-4c7d-a486-2408da1cd453",437.36,0,59.64,497);
INSERT INTO FACTURAS VALUES("0bbfaf8c-2a5c-4c4e-82ad-acfe443e3fe1",139.92,0,19.08,159);
INSERT INTO FACTURAS VALUES("4bc29bac-18fb-4ebf-a9c6-bc52b49fb30e",139.92,0,19.08,159);
INSERT INTO FACTURAS VALUES("18e0b74a-64cb-4e87-b1a6-c3cbcda76c8d",139.92,0,19.08,159);
INSERT INTO FACTURAS VALUES("9706088a-ef3e-4e03-ba96-29ce0d3facbe",139.92,0,19.08,159);
INSERT INTO FACTURAS VALUES("8b6d0a58-e2ec-465a-9149-41039cd5231a",199.76,0,27.24,227);
INSERT INTO FACTURAS VALUES("e03227a2-b5af-4f91-ad57-cefbf2726a25",199.76,0,27.24,227);
INSERT INTO FACTURAS VALUES("c86a2f3b-148d-46ee-ab00-3fbfd2cc114c",199.76,0,27.24,227);
INSERT INTO FACTURAS VALUES("0e00d651-009a-47b0-8497-a73feaf3ed70",199.76,0,27.24,227);
INSERT INTO FACTURAS VALUES("c568a678-8dee-4066-ab8e-7ffac9379dc1",199.76,0,27.24,227);
INSERT INTO FACTURAS VALUES("412f76d2-7c4e-4032-93ef-60e6ccfcaefd",199.76,0,27.24,227);
INSERT INTO FACTURAS VALUES("a4c2d0fe-773a-4ab8-b164-7c6cbe0fc1cf",199.76,0,27.24,227);
INSERT INTO FACTURAS VALUES("9c80c181-9af5-4baa-9783-426fe2f25725",261.36,0,35.64,297);
INSERT INTO FACTURAS VALUES("4e9b96ff-d0d5-4a80-9fc7-b1046a4b7b21",261.36,0,35.64,297);
INSERT INTO FACTURAS VALUES("db30a25c-904f-45dd-9fcd-ef318bdf3817",278.96,0,38.04,317);
INSERT INTO FACTURAS VALUES("24d9b39e-b1d8-4c80-9dba-8c20be4c0caf",278.96,0,38.04,317);
INSERT INTO FACTURAS VALUES("786073b4-724c-4ac6-a247-caa5fed52959",278.96,0,38.04,317);
INSERT INTO FACTURAS VALUES("e8429bd4-13d6-494b-87b3-0bfa2e240e2a",154.00,0,21.00,175);
INSERT INTO FACTURAS VALUES("92e9c7da-44d3-4118-808e-119485f08ca1",154.00,0,21.00,175);
INSERT INTO FACTURAS VALUES("04593116-639c-4738-be22-90a3e01d710a",393.36,0,53.64,447);
INSERT INTO FACTURAS VALUES("e5a64594-6ffd-4b35-b8cd-cf0f19c32f16",393.36,0,53.64,447);
INSERT INTO FACTURAS VALUES("a7b4cab4-1466-4b34-aa9a-c0956add0c83",184.80,0,25.20,210);
INSERT INTO FACTURAS VALUES("27cee57d-872a-46a3-a2d5-5cd5701514c5",184.80,0,25.20,210);

-- CLIENTES DIEGO
INSERT INTO CLIENTES VALUES("1723457890", "ARMANDO", "PAREDES", "LA LIBERTAD");
INSERT INTO CLIENTES VALUES("1789743610","MARGARITA","ZAMBRANO","LA JOTA");
INSERT INTO CLIENTES VALUES("1796312574","MARIO","SUIN","LA FORESTAL");
INSERT INTO CLIENTES VALUES("1724851237","MARCO","MAILA","QUITUMBE");
INSERT INTO CLIENTES VALUES("1778254176","CAROLINE","JUMBO","LA MAGDALENA");
INSERT INTO CLIENTES VALUES("1789457870","MARCO", "MAILA", "LA ARGELIA");
INSERT INTO CLIENTES VALUES("1785123479","WILIAN","TAPIA","LA MARIN");
INSERT INTO CLIENTES VALUES("0145278964","JONATHAN","FERNÁNDEZ","CENTRO HISTÓRICO");
INSERT INTO CLIENTES VALUES("1728941232","ALEXANDER","QUIROZ","LA CONCEPCION");
INSERT INTO CLIENTES VALUES("1789745139","ALEJANDRO","MARQUÉZ","EL JARDÍN");
INSERT INTO CLIENTES VALUES("1756453423", "LIZETH", "PACHECO", "LA VILLAFLORA");
INSERT INTO CLIENTES VALUES("1752147892","DIEGO","BAHAMONDE","LA CONCEPCION");
INSERT INTO CLIENTES VALUES("1785471236","ESTEBAN","GONZALEZ","LA CONCEPCION");
INSERT INTO CLIENTES VALUES("0531247896","ARNALDO","ORTIZ","LA JOTA");
INSERT INTO CLIENTES VALUES("0702569874","FERNANDO","HERNÁNDEZ","EL PINTADO");
INSERT INTO CLIENTES VALUES("1987453311","ANDRÉS","QUIÑONES","LA FLORESTA");
INSERT INTO CLIENTES VALUES("0300052478","DAVID","LÓPEZ","CHIRIYACU");
INSERT INTO CLIENTES VALUES("1741253698","DIANA","ORDOÑEZ","LA RONDA");
INSERT INTO CLIENTES VALUES("1125789632","GABRIELA","RODRIGUEZ","LA MENA 2");
INSERT INTO CLIENTES VALUES("0247896541","SORAYA","VARGAS","EL FLORÓN");
INSERT INTO CLIENTES VALUES("0398745126","VANESSA","ROCHA","AMAGUAÑA");
INSERT INTO CLIENTES VALUES("1369412587","ANDRADE","ROJAS","FAJARDO");
INSERT INTO CLIENTES VALUES("0698741234","KARINA","PILICITA","SAN PEDRO DE TABOADA");
INSERT INTO CLIENTES VALUES("1787412525","BRYAN","IMBAQUINGO","SANGOLQUÍ");
INSERT INTO CLIENTES VALUES("1352217899","BYRON","ALARCÓN","SOLANDA");
INSERT INTO CLIENTES VALUES("1421789651","ALEX","AGUIRRE","LA MASCOTA");
INSERT INTO CLIENTES VALUES("1789256981","ANDRÉS","SIMBAÑA","LA FERROVIARIA");
INSERT INTO CLIENTES VALUES("0678964125","GLENDA","ZAPATA","CARCELÉN");
INSERT INTO CLIENTES VALUES("1752036970","ANDRÉS","ARIAS","CONOCOTO");
INSERT INTO CLIENTES VALUES("1780524178","KEVIN","AGUILAR","LA MASCOTA");
INSERT INTO CLIENTES VALUES("1369874125","ARTURO","VELASCO","CARCELÉN");
INSERT INTO CLIENTES VALUES("1763587412","NICOLE","NUÑEZ","PINTAG");
INSERT INTO CLIENTES VALUES("1378412039","MARÍA","LARCO","ALOASÍ");
INSERT INTO CLIENTES VALUES("0369874555","JEFFERSON","QUISHPE","SAN ROQUE");
INSERT INTO CLIENTES VALUES("1745789612","LUIS","ZALDUMBIDE","SAN BARTOLO");
INSERT INTO CLIENTES VALUES("1785789658","KEVIN","MUZO","CONOCOTO");
INSERT INTO CLIENTES VALUES("1736987452","LUIS","QUINGA","LA VILLAFLORA");
INSERT INTO CLIENTES VALUES("1357894123","ANDREA","SILVA","CONOCOTO");
INSERT INTO CLIENTES VALUES("1796857411","BRYAN","MORA","LA MENA 2");
INSERT INTO CLIENTES VALUES("1712896742","SANTIAGO","SORIA","PINTAG");
INSERT INTO CLIENTES VALUES("1398745620","CRISTOPHER","MARTINEZ","LA RONDA");
INSERT INTO CLIENTES VALUES("1778625787","SEBASTIAN","PADILLA","LA RECOLECTA");
INSERT INTO CLIENTES VALUES("1725879641","DAYSI","MALDONADO","EL CONDADO");
INSERT INTO CLIENTES VALUES("1768741555","LEONIDAS","RECALDE","SOLANDA");
INSERT INTO CLIENTES VALUES("1796348713","FERNANDO","QUIROGA","LA VICENTINA");
INSERT INTO CLIENTES VALUES("1389741580","NICOLE","PILLAJO","LA LIBERTAD");
INSERT INTO CLIENTES VALUES("1789741211","KEVIN","RAMIREZ","MIRAFLORES");
INSERT INTO CLIENTES VALUES("1398741200","STEVEN","MORALES","EL EJIDO");
INSERT INTO CLIENTES VALUES("1789658971","SAMUEL","BASANTES","MONJAS");
INSERT INTO CLIENTES VALUES("1756431800","ISMAEL", "GUAYASAMIN", "AMAGUAÑA");

--VENTAS DIEGO
INSERT INTO VENTAS VALUES("784f755c-8cd5-41ed-b5c4-e5e25b70e68d", "1723457890", "1725670390", "2020-01-01 03:12:09");
INSERT INTO VENTAS VALUES("90a94b01-c276-4f65-bf69-29f5a15e24ed", "1789743610", "1725670390", "2020-01-03 03:14:07");
INSERT INTO VENTAS VALUES("d243593f-55c6-4ae0-b04d-eaca1339a2ef", "1796312574", "1725670390", "2020-01-04 03:16:10");
INSERT INTO VENTAS VALUES("2fe8bbc4-5b4a-45ba-ad18-83d672a31adc", "1724851237", "1725670390", "2020-01-05 03:18:12");
INSERT INTO VENTAS VALUES("f5b51fb4-e6a0-4f17-9815-14d6aeba4cfe", "1778254176", "1725670390", "2020-01-07 03:20:14");
INSERT INTO VENTAS VALUES("73bebd2f-dedf-4045-8882-3632fd75d979", "1789457870", "1725670390", "2020-01-09 03:22:14");
INSERT INTO VENTAS VALUES("c3f4d4f1-5bc4-4074-b33f-f19b1930af7b", "0145278964", "1725670390", "2020-01-10 03:24:17");
INSERT INTO VENTAS VALUES("154f74c4-e845-4586-97fd-27f5c3255dab", "1728941232", "1725670390", "2020-01-12 03:24:17");
INSERT INTO VENTAS VALUES("c52ca3e3-20d7-464d-9cbe-5f5bb5154121", "1789745139", "1725670390", "2020-01-14 03:24:17"); 
INSERT INTO VENTAS VALUES("aebfb4fc-dbcc-4235-9a38-79f76425d9a5", "1756453423", "1725670390", "2020-01-16 03:24:19");
INSERT INTO VENTAS VALUES("b5dccd29-b284-4dc6-98e7-cc246035d7b9", "1752147892", "1725670390", "2020-01-18 03:24:19");
INSERT INTO VENTAS VALUES("fdfe080a-bf63-4472-a64e-bcfb2fcabcbc", "1785471236", "1725670390", "2020-01-20 03:24:19");
INSERT INTO VENTAS VALUES("f62aca59-1538-41fd-a0e1-c4f2ed077957", "0531247896", "1725670390", "2020-01-21 03:24:19"); 
INSERT INTO VENTAS VALUES("325db51c-88b9-40e6-afac-fd8be09e71c4", "0702569874", "1725670390", "2020-01-22 03:24:19"); 
INSERT INTO VENTAS VALUES("e7c4eb15-891a-42b9-b70c-c42802a324c1", "1987453311", "1725670390", "2020-02-24 03:24:21"); 
INSERT INTO VENTAS VALUES("ada83b1a-5668-4859-a694-84048060656c", "0300052478", "1725670390", "2020-02-26 03:26:22");
INSERT INTO VENTAS VALUES("c5b56f24-6507-4ebd-92c9-977379b04d71", "1741253698", "1725670390", "2020-02-28 03:26:22");
INSERT INTO VENTAS VALUES("1ac9e342-57f9-4ae7-8dde-64e01e00b1c0", "1125789632", "1725670390", "2020-03-01 03:28:24");
INSERT INTO VENTAS VALUES("c6f83808-c217-44f5-a9f6-fe9885463b66", "0247896541", "1725670390", "2020-03-01 03:28:24");
INSERT INTO VENTAS VALUES("b669c048-fe12-457e-a4f9-4f0084dddba6", "0398745126", "1725670390", "2020-03-03 03:28:24");
INSERT INTO VENTAS VALUES("566aafc7-80e5-4699-ae11-9b08721cf0b6", "1369412587", "1725670390", "2020-03-04 03:30:26");
INSERT INTO VENTAS VALUES("1a66f1cd-d46d-4a8e-a36e-8112843bbbda", "0698741234", "1725670390", "2020-03-04 03:30:26");
INSERT INTO VENTAS VALUES("614a306f-88b9-41cb-b38f-e6f769336380", "1787412525", "1725670390", "2020-03-06 03:30:26"); 
INSERT INTO VENTAS VALUES("cd7e9df1-6124-4a99-9bba-0e4e1ed4a639", "1352217899", "1725670390", "2020-03-06 03:30:28");
INSERT INTO VENTAS VALUES("b93b9757-c967-4d14-8cd5-6a3bbc50f976", "1421789651", "1725670390", "2020-03-08 03:30:28");
INSERT INTO VENTAS VALUES("21928333-be40-420b-9c97-7fee7f9c9392", "1789256981", "1725670390", "2020-03-08 03:32:30");
INSERT INTO VENTAS VALUES("c8a83364-388d-4190-91fe-34a0705d8265", "0678964125", "1725670390", "2020-04-10 03:32:30");
INSERT INTO VENTAS VALUES("2e2e6288-965b-480b-a816-54d512b487bd", "1752036970", "1725670390", "2020-04-10 03:32:30");
INSERT INTO VENTAS VALUES("defaeb2d-02d1-4118-9ba8-536c2a2fdf7f", "1780524178", "1725670390", "2020-04-12 03:34:32");
INSERT INTO VENTAS VALUES("708f916c-67c8-4fd2-a043-665efa8221eb", "1369874125", "1725670390", "2020-04-12 03:34:32");
INSERT INTO VENTAS VALUES("08b35e7f-718d-4fcf-bd03-b08e34ade31e", "1763587412", "1725670390", "2020-04-12 03:34:32");
INSERT INTO VENTAS VALUES("0c23ed6c-50b5-41ab-9333-77610f2f72d8", "1378412039", "1725670390", "2020-04-12 03:34:34");
INSERT INTO VENTAS VALUES("cb3b8976-c4d8-4602-9ae7-e1b52b035317", "0369874555", "1725670390", "2020-04-14 03:34:36");
INSERT INTO VENTAS VALUES("c3a05b10-1e13-4fd0-9623-318fa1898947", "1745789612", "1725670390", "2020-04-14 03:36:36");
INSERT INTO VENTAS VALUES("d23e1be5-e2fb-4594-a510-c45784fa5655", "1785789658", "1725670390", "2020-04-14 03:36:36");
INSERT INTO VENTAS VALUES("8be549c1-4773-4a8f-b20b-41c33fa88efc", "1736987452", "1725670390", "2020-04-16 03:36:38");
INSERT INTO VENTAS VALUES("e5315ec2-5075-4178-8dd6-b4e56b9f3b5f", "1357894123", "1725670390", "2020-04-16 03:36:38");
INSERT INTO VENTAS VALUES("b4482a1d-a69c-4f31-92c1-70476948cca3", "1796857411", "1725670390", "2020-04-16 03:36:38");
INSERT INTO VENTAS VALUES("99f9df9f-26e0-46e1-98ac-9b94d5c0d9a0", "1712896742", "1725670390", "2020-04-16 03:38:39");
INSERT INTO VENTAS VALUES("86498050-09c9-4509-a7f6-04d02e8cf91d", "1398745620", "1725670390", "2020-05-16 03:38:40");
INSERT INTO VENTAS VALUES("ac967a6d-858d-4fb5-a847-168e7faf33b3", "1778625787", "1725670390", "2020-05-16 03:38:40");
INSERT INTO VENTAS VALUES("487ca369-3258-4960-b575-6a81ca2a0dee", "1725879641", "1725670390", "2020-05-18 03:40:42");
INSERT INTO VENTAS VALUES("adf68620-65af-4793-862c-ffed3c270da4", "1768741555", "1725670390", "2020-05-18 03:40:42");
INSERT INTO VENTAS VALUES("774f3543-04e0-4acc-9220-b7466f0cca15", "1796348713", "1725670390", "2020-05-20 03:42:44");
INSERT INTO VENTAS VALUES("88fdf279-b158-45ed-8e3b-5b8d6f4362ff", "1389741580", "1725670390", "2020-05-20 03:42:44");
INSERT INTO VENTAS VALUES("8c5bb444-88ea-4b82-aac8-6e8aa3d6deb7", "1789741211", "1725670390", "2020-06-20 03:42:44");
INSERT INTO VENTAS VALUES("ee7dbad3-d2ee-4dcf-bc98-3d998e3ceb29", "1398741200", "1725670390", "2020-06-20 03:42:44");
INSERT INTO VENTAS VALUES("b02eb9aa-e46a-470f-a25c-ecdbe3f119f2", "1789658971", "1725670390", "2020-06-22 03:44:46");
INSERT INTO VENTAS VALUES("5276c8c8-4729-423c-8062-aa7cd9503723", "1756431800", "1725670390", "2020-06-22 03:44:46");
INSERT INTO VENTAS VALUES("2d80c8b1-1952-43a2-9050-5bd8211aa440", "1785123479", "1725670390", "2020-06-28 03:46:48");

--DETALLES DE LAS VENTAS DIEGO
INSERT INTO DETALLE_VENTA VALUES("784f755c-8cd5-41ed-b5c4-e5e25b70e68d", "40839f41-624c-42f8-bfa0-f4f51509a115", 2);
INSERT INTO DETALLE_VENTA VALUES("90a94b01-c276-4f65-bf69-29f5a15e24ed", "6e1998fa-3d84-4738-ac94-134c8ecfbed2", 1);
INSERT INTO DETALLE_VENTA VALUES("d243593f-55c6-4ae0-b04d-eaca1339a2ef", "5fabef97-5624-46c9-ac1b-4921660fda68", 3);
INSERT INTO DETALLE_VENTA VALUES("2fe8bbc4-5b4a-45ba-ad18-83d672a31adc", "c3a32237-d969-4dbc-a875-0ae6ae544e35", 4);
INSERT INTO DETALLE_VENTA VALUES("f5b51fb4-e6a0-4f17-9815-14d6aeba4cfe", "2c985fd8-64db-42ee-8e9c-4adcb002e3ef", 2);
INSERT INTO DETALLE_VENTA VALUES("73bebd2f-dedf-4045-8882-3632fd75d979", "b99cc16d-a2ce-4bc4-a9c5-d727479ba5b9", 2);
INSERT INTO DETALLE_VENTA VALUES("c3f4d4f1-5bc4-4074-b33f-f19b1930af7b", "cae0fa0c-c2af-45fd-8788-1ef81b4a5bc0", 1);
INSERT INTO DETALLE_VENTA VALUES("154f74c4-e845-4586-97fd-27f5c3255dab", "165d9a74-b990-4bd5-881c-d4021309a9ce", 1);
INSERT INTO DETALLE_VENTA VALUES("c52ca3e3-20d7-464d-9cbe-5f5bb5154121", "7fe0f0de-10b7-4d80-8163-07a61b0512fa", 2); 
INSERT INTO DETALLE_VENTA VALUES("aebfb4fc-dbcc-4235-9a38-79f76425d9a5", "5fabef97-5624-46c9-ac1b-4921660fda68", 3);
INSERT INTO DETALLE_VENTA VALUES("b5dccd29-b284-4dc6-98e7-cc246035d7b9", "8a811cda-c695-4d48-b293-6cd68e306e50", 5);
INSERT INTO DETALLE_VENTA VALUES("fdfe080a-bf63-4472-a64e-bcfb2fcabcbc", "8b1dce9b-637f-431a-b746-dc3083b0edfb", 1);
INSERT INTO DETALLE_VENTA VALUES("f62aca59-1538-41fd-a0e1-c4f2ed077957", "f0d481fc-43a1-4ab6-8a53-fd2d8ec0cda9", 2);
INSERT INTO DETALLE_VENTA VALUES("325db51c-88b9-40e6-afac-fd8be09e71c4", "b07a4af2-edff-4009-9685-80e3bf230cef", 1);
INSERT INTO DETALLE_VENTA VALUES("e7c4eb15-891a-42b9-b70c-c42802a324c1", "bf60132e-15c8-4f89-a6e0-1ab7bf1dce87", 2);
INSERT INTO DETALLE_VENTA VALUES("ada83b1a-5668-4859-a694-84048060656c", "40839f41-624c-42f8-bfa0-f4f51509a115", 1);
INSERT INTO DETALLE_VENTA VALUES("c5b56f24-6507-4ebd-92c9-977379b04d71", "bf60132e-15c8-4f89-a6e0-1ab7bf1dce87", 1);
INSERT INTO DETALLE_VENTA VALUES("1ac9e342-57f9-4ae7-8dde-64e01e00b1c0", "7fe0f0de-10b7-4d80-8163-07a61b0512fa", 2);
INSERT INTO DETALLE_VENTA VALUES("c6f83808-c217-44f5-a9f6-fe9885463b66", "2c985fd8-64db-42ee-8e9c-4adcb002e3ef", 2);
INSERT INTO DETALLE_VENTA VALUES("b669c048-fe12-457e-a4f9-4f0084dddba6", "5fabef97-5624-46c9-ac1b-4921660fda68", 3);
INSERT INTO DETALLE_VENTA VALUES("566aafc7-80e5-4699-ae11-9b08721cf0b6", "34737c5d-de37-448f-b120-c5c1b613d83c", 4);
INSERT INTO DETALLE_VENTA VALUES("1a66f1cd-d46d-4a8e-a36e-8112843bbbda", "9eee0e45-cdff-4d2d-baae-b64592af0c81", 4);
INSERT INTO DETALLE_VENTA VALUES("614a306f-88b9-41cb-b38f-e6f769336380", "380f7194-029f-4e79-bad3-788cf25491be", 2);
INSERT INTO DETALLE_VENTA VALUES("cd7e9df1-6124-4a99-9bba-0e4e1ed4a639", "2c985fd8-64db-42ee-8e9c-4adcb002e3ef", 5);
INSERT INTO DETALLE_VENTA VALUES("b93b9757-c967-4d14-8cd5-6a3bbc50f976", "8b1dce9b-637f-431a-b746-dc3083b0edfb", 2);
INSERT INTO DETALLE_VENTA VALUES("21928333-be40-420b-9c97-7fee7f9c9392", "38f2e34b-a727-4c9d-b4f5-6c6c28ea5cdb", 5);
INSERT INTO DETALLE_VENTA VALUES("c8a83364-388d-4190-91fe-34a0705d8265", "165d9a74-b990-4bd5-881c-d4021309a9ce", 1);
INSERT INTO DETALLE_VENTA VALUES("2e2e6288-965b-480b-a816-54d512b487bd", "6e1998fa-3d84-4738-ac94-134c8ecfbed2", 1);
INSERT INTO DETALLE_VENTA VALUES("defaeb2d-02d1-4118-9ba8-536c2a2fdf7f", "5b2a3d39-fc57-4a67-bf15-a8f9d10aa335", 2);
INSERT INTO DETALLE_VENTA VALUES("708f916c-67c8-4fd2-a043-665efa8221eb", "8b1dce9b-637f-431a-b746-dc3083b0edfb", 2);
INSERT INTO DETALLE_VENTA VALUES("08b35e7f-718d-4fcf-bd03-b08e34ade31e", "8a811cda-c695-4d48-b293-6cd68e306e50", 3);
INSERT INTO DETALLE_VENTA VALUES("0c23ed6c-50b5-41ab-9333-77610f2f72d8", "34737c5d-de37-448f-b120-c5c1b613d83c", 1);
INSERT INTO DETALLE_VENTA VALUES("cb3b8976-c4d8-4602-9ae7-e1b52b035317", "7fe0f0de-10b7-4d80-8163-07a61b0512fa", 4);
INSERT INTO DETALLE_VENTA VALUES("c3a05b10-1e13-4fd0-9623-318fa1898947", "30b15f34-f40a-41b3-862c-4c0050e1784c", 2);
INSERT INTO DETALLE_VENTA VALUES("d23e1be5-e2fb-4594-a510-c45784fa5655", "0b3c378d-d6d0-4dbf-bd10-b3eccf2976e2", 2);
INSERT INTO DETALLE_VENTA VALUES("8be549c1-4773-4a8f-b20b-41c33fa88efc", "b07a4af2-edff-4009-9685-80e3bf230cef", 2);
INSERT INTO DETALLE_VENTA VALUES("e5315ec2-5075-4178-8dd6-b4e56b9f3b5f", "34737c5d-de37-448f-b120-c5c1b613d83c", 3);
INSERT INTO DETALLE_VENTA VALUES("b4482a1d-a69c-4f31-92c1-70476948cca3", "380f7194-029f-4e79-bad3-788cf25491be", 1);
INSERT INTO DETALLE_VENTA VALUES("99f9df9f-26e0-46e1-98ac-9b94d5c0d9a0", "9eee0e45-cdff-4d2d-baae-b64592af0c81", 1);
INSERT INTO DETALLE_VENTA VALUES("86498050-09c9-4509-a7f6-04d02e8cf91d", "34737c5d-de37-448f-b120-c5c1b613d83c", 2);
INSERT INTO DETALLE_VENTA VALUES("ac967a6d-858d-4fb5-a847-168e7faf33b3", "7b79a50f-bbb5-4d56-a7dd-ac7f4eb59d26", 3);
INSERT INTO DETALLE_VENTA VALUES("487ca369-3258-4960-b575-6a81ca2a0dee", "38f2e34b-a727-4c9d-b4f5-6c6c28ea5cdb", 1);
INSERT INTO DETALLE_VENTA VALUES("adf68620-65af-4793-862c-ffed3c270da4", "6e1998fa-3d84-4738-ac94-134c8ecfbed2", 4);
INSERT INTO DETALLE_VENTA VALUES("774f3543-04e0-4acc-9220-b7466f0cca15", "40839f41-624c-42f8-bfa0-f4f51509a115", 1);
INSERT INTO DETALLE_VENTA VALUES("88fdf279-b158-45ed-8e3b-5b8d6f4362ff", "7fe0f0de-10b7-4d80-8163-07a61b0512fa", 1);
INSERT INTO DETALLE_VENTA VALUES("8c5bb444-88ea-4b82-aac8-6e8aa3d6deb7", "6514f137-ab23-4e15-8ca9-0c0ee7c6d880", 2);
INSERT INTO DETALLE_VENTA VALUES("ee7dbad3-d2ee-4dcf-bc98-3d998e3ceb29", "7fe0f0de-10b7-4d80-8163-07a61b0512fa", 3);
INSERT INTO DETALLE_VENTA VALUES("b02eb9aa-e46a-470f-a25c-ecdbe3f119f2", "9eee0e45-cdff-4d2d-baae-b64592af0c81", 1);
INSERT INTO DETALLE_VENTA VALUES("5276c8c8-4729-423c-8062-aa7cd9503723", "0b3c378d-d6d0-4dbf-bd10-b3eccf2976e2", 2);
INSERT INTO DETALLE_VENTA VALUES("2d80c8b1-1952-43a2-9050-5bd8211aa440", "9ec97fce-7041-4293-a054-612424ed2705", 2);

--FACTURAS DIEGO
INSERT INTO FACTURA VALUES("784f755c-8cd5-41ed-b5c4-e5e25b70e68d", 120, 0, 14.40, 134.40);
INSERT INTO FACTURA VALUES("90a94b01-c276-4f65-bf69-29f5a15e24ed", 1010, 0, 121.20, 1121.20);
INSERT INTO FACTURA VALUES("d243593f-55c6-4ae0-b04d-eaca1339a2ef", 1341, 0, 160.92, 1501.92);
INSERT INTO FACTURA VALUES("2fe8bbc4-5b4a-45ba-ad18-83d672a31adc", 1268, 0, 152.16, 1420.16);
INSERT INTO FACTURA VALUES("f5b51fb4-e6a0-4f17-9815-14d6aeba4cfe", 1154, 0, 138.48, 1286.48);
INSERT INTO FACTURA VALUES("73bebd2f-dedf-4045-8882-3632fd75d979", 594, 0, 71.28, 665.28);
INSERT INTO FACTURA VALUES("c3f4d4f1-5bc4-4074-b33f-f19b1930af7b", 350, 0, 42, 392);
INSERT INTO FACTURA VALUES("154f74c4-e845-4586-97fd-27f5c3255dab", 330, 0, 39.60, 369.60);
INSERT INTO FACTURA VALUES("c52ca3e3-20d7-464d-9cbe-5f5bb5154121", 1294, 0, 155.28, 1449.28);
INSERT INTO FACTURA VALUES("aebfb4fc-dbcc-4235-9a38-79f76425d9a5", 1341, 0, 160.92, 1501.92);
INSERT INTO FACTURA VALUES("b5dccd29-b284-4dc6-98e7-cc246035d7b9", 2485, 0, 298.20, 2783.20);
INSERT INTO FACTURA VALUES("fdfe080a-bf63-4472-a64e-bcfb2fcabcbc", 159, 0, 19.08, 178.08);
INSERT INTO FACTURA VALUES("f62aca59-1538-41fd-a0e1-c4f2ed077957", 420, 0, 50.40, 471.40);
INSERT INTO FACTURA VALUES("325db51c-88b9-40e6-afac-fd8be09e71c4", 280, 0, 33.60, 313.60);
INSERT INTO FACTURA VALUES("e7c4eb15-891a-42b9-b70c-c42802a324c1", 870, 0, 104.40, 974.40);
INSERT INTO FACTURA VALUES("ada83b1a-5668-4859-a694-84048060656c", 60, 0, 7.20, 67.20);
INSERT INTO FACTURA VALUES("c5b56f24-6507-4ebd-92c9-977379b04d71", 435, 0, 52.20, 487.20);
INSERT INTO FACTURA VALUES("1ac9e342-57f9-4ae7-8dde-64e01e00b1c0", 1294, 0, 155.28, 1449.28);
INSERT INTO FACTURA VALUES("c6f83808-c217-44f5-a9f6-fe9885463b66", 1154, 0, 138.48, 1286.48);
INSERT INTO FACTURA VALUES("b669c048-fe12-457e-a4f9-4f0084dddba6", 1341, 0, 160.92, 1501.92);
INSERT INTO FACTURA VALUES("566aafc7-80e5-4699-ae11-9b08721cf0b6", 2108, 0, 252.96, 2360.96);
INSERT INTO FACTURA VALUES("1a66f1cd-d46d-4a8e-a36e-8112843bbbda", 908, 0, 108.96, 1016.96);
INSERT INTO FACTURA VALUES("614a306f-88b9-41cb-b38f-e6f769336380", 734, 0, 88.08, 822.08);
INSERT INTO FACTURA VALUES("cd7e9df1-6124-4a99-9bba-0e4e1ed4a639", 2885, 0, 346.20, 3231.20);
INSERT INTO FACTURA VALUES("b93b9757-c967-4d14-8cd5-6a3bbc50f976", 318, 0, 38.16, 356.16);
INSERT INTO FACTURA VALUES("21928333-be40-420b-9c97-7fee7f9c9392", 1200, 0, 144, 1344);
INSERT INTO FACTURA VALUES("c8a83364-388d-4190-91fe-34a0705d8265", 330, 0, 39.60, 369.60);
INSERT INTO FACTURA VALUES("2e2e6288-965b-480b-a816-54d512b487bd", 1010, 0, 121.20, 1131.20);
INSERT INTO FACTURA VALUES("defaeb2d-02d1-4118-9ba8-536c2a2fdf7f", 1234, 0, 148.08, 1382.08);
INSERT INTO FACTURA VALUES("708f916c-67c8-4fd2-a043-665efa8221eb", 318, 0, 38.16, 356.16);
INSERT INTO FACTURA VALUES("08b35e7f-718d-4fcf-bd03-b08e34ade31e", 1491, 0, 178.92, 1669.92);
INSERT INTO FACTURA VALUES("0c23ed6c-50b5-41ab-9333-77610f2f72d8", 527, 0, 63.24, 590.24);
INSERT INTO FACTURA VALUES("cb3b8976-c4d8-4602-9ae7-e1b52b035317", 2588, 0, 310.56, 2898.56);
INSERT INTO FACTURA VALUES("c3a05b10-1e13-4fd0-9623-318fa1898947", 278, 0, 33.36, 311.36);
INSERT INTO FACTURA VALUES("d23e1be5-e2fb-4594-a510-c45784fa5655", 370, 0, 44.40, 414.40);
INSERT INTO FACTURA VALUES("8be549c1-4773-4a8f-b20b-41c33fa88efc", 560, 0, 67.20, 627.20);
INSERT INTO FACTURA VALUES("e5315ec2-5075-4178-8dd6-b4e56b9f3b5f", 1581, 0, 189.72, 1770.72);
INSERT INTO FACTURA VALUES("b4482a1d-a69c-4f31-92c1-70476948cca3", 367, 0, 44.04, 411.04);
INSERT INTO FACTURA VALUES("99f9df9f-26e0-46e1-98ac-9b94d5c0d9a0", 227, 0, 27.24, 254.24);
INSERT INTO FACTURA VALUES("86498050-09c9-4509-a7f6-04d02e8cf91d", 1054, 0, 126.48, 1180.48);
INSERT INTO FACTURA VALUES("ac967a6d-858d-4fb5-a847-168e7faf33b3", 831, 0, 99.72, 930.72);
INSERT INTO FACTURA VALUES("487ca369-3258-4960-b575-6a81ca2a0dee", 367, 0, 44.04, 411.04);
INSERT INTO FACTURA VALUES("adf68620-65af-4793-862c-ffed3c270da4", 4040, 0, 484.80, 4524.80);
INSERT INTO FACTURA VALUES("774f3543-04e0-4acc-9220-b7466f0cca15", 60, 0, 7.20, 67.20);
INSERT INTO FACTURA VALUES("88fdf279-b158-45ed-8e3b-5b8d6f4362ff", 647, 0, 77.64, 724.64);
INSERT INTO FACTURA VALUES("8c5bb444-88ea-4b82-aac8-6e8aa3d6deb7", 994, 0, 119.28, 1113.28);
INSERT INTO FACTURA VALUES("ee7dbad3-d2ee-4dcf-bc98-3d998e3ceb29", 1941, 0, 232.92, 2173.92);
INSERT INTO FACTURA VALUES("b02eb9aa-e46a-470f-a25c-ecdbe3f119f2", 227, 0, 27.24, 254.24);
INSERT INTO FACTURA VALUES("5276c8c8-4729-423c-8062-aa7cd9503723", 370, 0, 44.40, 414.40);
INSERT INTO FACTURA VALUES("2d80c8b1-1952-43a2-9050-5bd8211aa440", 1278.98, 0, 153.48, 1432.46);



